<?xml version="1.0" encoding="UTF-8"?>
<project-private xmlns="http://www.netbeans.org/ns/project-private/1">
    <editor-bookmarks xmlns="http://www.netbeans.org/ns/editor-bookmarks/2" lastBookmarkId="0"/>
    <open-files xmlns="http://www.netbeans.org/ns/projectui-open-files/2">
        <group>
            <file>file:/C:/xampp/htdocs/full/Class/MySQL/MySQLi.php</file>
            <file>file:/C:/xampp/htdocs/full/Class/DAO/PersonaDAO.php</file>
            <file>file:/C:/xampp/htdocs/full/Class/MySQL/datos.php</file>
            <file>file:/C:/xampp/htdocs/full/view/Mod_tierra/tierra.php</file>
            <file>file:/C:/xampp/htdocs/full/js/miLibreria.js</file>
            <file>file:/C:/xampp/htdocs/full/Class/VO/PersonaVO.php</file>
            <file>file:/C:/xampp/htdocs/full/controller/Mod_tierra/CrearPersona.php</file>
            <file>file:/C:/xampp/htdocs/full/.htaccess</file>
        </group>
    </open-files>
</project-private>
