<?xml version="1.0" encoding="UTF-8"?>
<project-private xmlns="http://www.netbeans.org/ns/project-private/1">
    <editor-bookmarks xmlns="http://www.netbeans.org/ns/editor-bookmarks/2" lastBookmarkId="0"/>
    <open-files xmlns="http://www.netbeans.org/ns/projectui-open-files/2">
        <group>
            <file>file:/C:/xampp/htdocs/full/tierra.php</file>
            <file>file:/C:/xampp/htdocs/full/marte.php</file>
            <file>file:/C:/xampp/htdocs/full/mer.php</file>
            <file>file:/C:/xampp/htdocs/full/index.php</file>
            <file>file:/C:/xampp/htdocs/full/css/miEstilo.css</file>
            <file>file:/C:/xampp/htdocs/full/js/ajax.js</file>
            <file>file:/C:/xampp/htdocs/full/js/miLibreria.js</file>
        </group>
    </open-files>
</project-private>
